company,position,location
singularads.com,Meta Ads Manager + Creative Producer AI Native,
Precision Medicine Group,Senior Marketing Manager CRO Experience Required,Remote
Aisles &amp; Abroad,Online Hospitality Services Coordinator Entry Level,Illinois
Apollo Information Systems,Account Executive Southeast,
CX2,CNC Machinist Milling,"El Segundo, CA"
LiveKit,Staff Product Manager Enterprise,
Boom Entertainment,Customer Support Representative,Remote
CSC Generation,Lead Software Engineer,Remote - Canada
BIS Safety Software,Marketing Copywriter,"Toronto, Ontario"
"Clariti Cloud, Inc.",Senior Software Engineer I,Canada
Forbright Bank,Manager Collections &amp; Recoveries,Remote
CipherHealth,Customer Success Manager,Remote
GoFasti,1086 Digital Marketing Specialist,Remote
Forge Global,Asset Administration Operations Specialist,Denver
Rivia Mind - Mental Healthcare,Patient Operations Coordinator,Remote
Careers In Travel | Destination Planners,Fully Cruise &amp; Resort Booking Specialist,Florida
Spotify,Engineering Manager AI Fleet Management &amp; Honk,
VGW,Senior Manager Government & Industry Affairs Operations,Maryland
Defense Unicorns,People Operations Lead,United States
Marketers in Demand,Web Development Specialist,
Greenhouse,Principal Marketing Analytics Manager,Anywhere in the United States
Kiavi,Sales Development Representative,Remote
Nava PBC,Talent Acquisition Pipeline Manager,
Civitech,Analytics Engineer,"Austin, TX or Remote"
Rivia Mind - Mental Healthcare,Mental Health Counselor Therapist Social Worker New York,New York
Pelago,Drug & Alcohol Counselor,Remote
Zensurance,Tech Lead,"Toronto, ON"
Cast AI,Senior Software Engineer,
Intellect,Clinical Provider,KrakÃ³w
Valon Mortgage,Senior Data Engineer,
Meridian Partners,Workday Payroll Consultant,Remote
Hopelab,Policy Intern,Remote
Geotab,Solutions Engineering Post Sales,Remote - US
Profound Research,Data Entry Coordinator,Remote
GoFasti,1079 Project Manager,Remote
Solutus Legal Search,Director of Legal Operations,United States
AO Garcia Agency,Tired of Your ome Being Capped Work from Home Opportunity,"El Paso, Texas"
Aisles &amp; Abroad,Customer Service Representative Hotel Reservations Entry Level,Maryland
Global Elite Empire Consultants,Work From Home Client Services Associate,"Rock Springs, Wyoming"
Stone,Business Analyst Pleno,Remoto
Careers In Travel | Destination Planners,Online Hotel Reservations Specialist Customer Support,New York
Extend,Principal Data Engineer,Remote
Correlation One,Curriculum Developer Aerospace Technician,Remote
Prolific,Accounts Assistant,"Remote, UK"
Quanata,Cloud Enablement Engineer US,Remote-US
Subbly,Customer Success Representative,
EverAI,Mid Senior AI Cinematic Video Editor,
"Contact Government Services, LLC",Senior Veritas eDiscovery Platform Engineer,
Scale Virtually,Marketing & Business Development Operator,
Prove,Senior Software Engineer,United States
Thermal Works,Technical Writer & Product Engineer,United States
Correlation One,Lead Instructor Aerospace Technician,Remote
Akuity,Senior Backend Engineer,
Curaleaf,Marketing Manager Activation New York,New York
Care Access,Central Study Coordinator Retention,USA Remote
Noctrix Health,Therapy Support Specialist,
Sorcero,Medical Affairs Solutions Manager UK,UK
Ascend Healthcare,Bilingual Associate Mental Health Therapist Arizona,Arizona
RainFocus,UI Developer,"Lehi, Utah"
HighLevel,Software Development Engineer Backend,India
Precision AQ,Software Engineer II,India
CyberSheath,Staff Accountant,United States
saas.group,Senior Platform Engineer,"Remote, Europe"
"Contact Government Services, LLC",Business Analyst,
Careers In Travel | Destination Planners,Online Hotel Reservationist Fully,Florida
New Era Technology,Product Delivery Coordinator,
Blackbird Health,Child and Adolescent Intake Therapist,
Avero,Customer Success Manager,"Las Vegas, NV"
Airship,Recruiter,Remote - U.S.
Bold Business,Lead AI Engineer & Technical Architect,"India, Latin America, Philippines"
"Follett Software, LLC",Outside Sales Consultant Account Executive,
MANSCAPED,Manager Cost Accounting,United States
UHP (Unlock Human Potential),Staff Accountant,United States
Higharc,Software Engineer Showroom,Remote
Invisible Agency,3D Modeling & Python Specialist Freelance AI Trainer Project,
Everlaw,Product Marketing Intern,Oakland
Arize AI,AI Solutions Manager SMB,
YipitData,Product Manager Data Feeds,
"ShipBob, Inc.",Senior Director Fulfillment Operations,United States
Everpure,Account Executive SLED,Sacramento
Careers In Travel | Destination Planners,Travel Booking Specialist,New York
Careers In Travel | Destination Planners,Travel Booking Specialist Hotels &amp; Resorts,"Atlanta, Georgia"
Careers In Travel | Destination Planners,Hotel &amp; Vacation Advisor,"Atlanta, Georgia"
Careers In Travel | Destination Planners,Hotel Reservationist â Love Travel &amp; Build Your Dream Career,New York
Careers In Travel | Destination Planners,Destination Travel Specialist Flexible Hours,New York
G-P,Support Specialist,India
Prolific Academic Ltd,VFX Artist AI Training Vancouver Canada,Vancouver
Black Canyon Consulting,Junior Mid Full Stack Software Engineer,Bethesda
Global Elite Empire Consultants,Work From Home Bilingual Client Services Representative,"San Diego, California"
Black &amp; White Zebra,Social Media Growth Lead,
Grant Street Group,Data Conversion Developer,United States (Remote)
STR,Director of Supply Chain,Remote
BlastPoint,Account Executive,
Care Access,Clinical Vendor Activation Manager,USA Remote
Concentric,Intelligence Collections Specialist UK,Hereford
Imagine Pediatrics,Crisis Care Manager,Remote
Apex Skin,Triage Medical Assistant,
GO Tutor Corps,GO virtual tutor,
